1,541912.027201498
11,4.14309391309434e6
21,7.798046842176983e6
31,1.1351609514176575e7
41,1.4808148419413168e7
51,1.8171781066503838e7
61,2.1446393522680186e7
71,2.4635656489288803e7
81,2.77430400534503e7
91,3.077182724153598e7
101,3.37251264866538e7
111,3.660588311047194e7
121,3.941688990923988e7
131,4.216079692461255e7
141,4.484012047168885e7
151,4.7457251489407666e7
161,5.0014463271988526e7
171,5.251391863435887e7
181,5.4957676559391215e7
191,5.734769837020545e7
201,5.968585346670844e7
211,6.197392466189036e7
221,6.421361315012172e7
231,6.640654313675741e7
241,6.85542661557146e7
251,7.065826509931429e7
261,7.271995798253849e7
271,7.474070146192442e7
281,7.672179412757427e7
291,7.866447958518508e7
301,8.056994934357639e7
311,8.243934552190265e7
321,8.409894029534727e7
331,8.567338840439054e7
341,8.721311529938193e7
351,8.871942926762639e7
361,9.019357022383332e7
371,9.163671426688373e7
381,9.30499778682282e7
391,9.443442172679369e7
401,9.579105432150832e7
411,9.71208351892401e7
421,9.842467795302689e7
431,9.970345312290004e7
441,1.0095799068932775e8
451,1.0218908252728823e8
461,1.0339748462719366e8
471,1.0458391916729829e8
481,1.057490764408071e8
491,1.0689361664964235e8
501,1.080181715756981e8
511,1.0912334613940614e8
521,1.1020971985453486e8
531,1.1127784818733339e8
541,1.1232826382740772e8
551,1.1336147787706071e8
561,1.1437798096524106e8
571,1.1537824429171458e8
581,1.1636272060659231e8
591,1.1733184512991709e8
601,1.1828603641561803e8
611,1.1922569716378738e8
621,1.201512149849109e8
631,1.2106296311939235e8
641,1.2176739485780299e8
651,1.2246177766460717e8
661,1.2314637582123978e8
671,1.2382144386408718e8
681,1.2448722704090443e8
691,1.2514396174139965e8
701,1.2579187590369523e8
711,1.2643118939824775e8
721,1.2685542845777571e8
731,1.2727433108932406e8
741,1.2768803662696868e8
751,1.2809667926310672e8
761,1.2850038828598547e8
771,1.2889928830416307e8
781,1.2929349945873186e8
791,1.2968313762407613e8
801,1.3006831459788054e8
811,1.3044913828105533e8
821,1.3082571284819654e8
831,1.3119813890915853e8
841,1.3156651366227311e8
851,1.3193093103971714e8
861,1.3229148184549257e8
871,1.3264825388645384e8
881,1.3300133209678876e8
891,1.3335079865633038e8
901,1.3369673310305464e8
911,1.3403921244009447e8
921,1.343783112375789e8
931,1.3471410172958848e8
941,1.35046653906497e8
951,1.3537603560295376e8
961,1.3553447185480496e8
971,1.356924689383179e8
981,1.3585002867695686e8
991,1.3600715288410512e8